state,year,vote,margin,class,termshouse,termssenate,population
1,1914,36.097572,-7.688561,3,3,6,1233000
1,1916,45.468746,-3.9237082,1,0,4,1294000
1,1922,45.598213,-6.8686604,1,0,7,1431000
1,1926,48.476063,-27.668056,3,0,3,1531000
1,1928,51.746868,-8.2569685,1,0,1,1577000
1,1932,39.802643,0.73248148,3,4,1,1637000
1,1934,53.15107,3.4937382,1,1,1,1650000
1,1938,51.987637,-3.0905752,3,0,1,1684000
1,1944,51.678295,4.7034559,3,0,1,1778000
1,1952,57.468903,-8.1198635,1,0,2,2081000
1,1956,51.254742,-11.794811,3,0,4,2316000
1,1958,64.644257,14.937806,1,2,1,2446000
1,1962,54.291164,2.5094838,3,2,1,2647000
1,1964,33.792454,29.306395,1,2,4,2798000
1,1968,63.674862,8.5855637,3,2,4,2964000
1,1970,41.217743,-7.9507647,1,1,1,3032217
1,1974,56.341518,29.381487,3,2,7,3074047
1,1976,46.067585,-16.506035,1,1,4,3083335
1,1980,64.763397,13.428482,3,3,1,3107576
1,1982,49.764439,-4.3230863,1,1,7,3139013
1,1986,58.812016,29.915768,3,3,4,3223740
1,1988,67.043266,0.72604716,1,0,1,3271953
1,1992,65.146088,20.693081,3,3,7,3274997
1,1994,63.214111,36.03056,1,,,3268346
1,1998,65.360603,32.777927,3,,,3272563
1,2000,39.729641,29.042652,1,,,3405650
1,2004,55.158417,33.712173,3,,,3496094
1,2006,,-10.917887,1,,,3517460
1,2010,,11.941481,3,,,3574097
2,1916,42.495945,-6.8523526,1,0,1,775000
2,1918,39.570938,-11.135491,2,0,3,760000
2,1922,30.358973,-15.008113,1,0,4,778000
2,1928,49.709076,-39.282055,1,0,7,797000
2,1930,49.253906,-21.889481,2,7,1,800000
2,1934,41.273411,-0.43046474,1,0,10,829000
2,1936,33.33094,-1.4921904,2,7,4,840000
2,1940,36.453655,-17.334133,1,3,1,849000
2,1942,28.699789,-33.33812,2,7,7,839000
2,1946,37.258305,-27.092691,1,3,4,832000
2,1948,41.392105,-42.600422,2,5,1,878000
2,1952,60.781956,-25.483395,1,0,1,915000
2,1954,38.351185,-17.215788,2,5,4,927000
2,1958,66.616829,21.563911,1,0,1,944000
2,1960,41.053513,-23.297632,2,5,7,969000
2,1964,61.740875,33.233654,1,0,4,993000
2,1966,53.231586,-17.892977,2,5,10,999000
2,1970,60.203255,23.48175,1,0,7,993722
2,1972,33.938301,6.4631729,2,4,1,1034292
2,1978,25.865877,-22.647476,2,3,1,1113566
2,1984,38.640259,-47.476452,2,3,4,1155635
2,1988,36.355286,62.595875,1,0,6,1203840
2,1990,43.875427,-22.700262,2,3,7,1231296
2,1994,31.058702,-23.880028,1,,,1237687
2,1996,41.56435,-5.3060679,2,,,1241436
2,2000,20.586014,-37.882599,1,,,1274779
2,2002,38.583435,-16.871298,2,,,1295960
2,2006,,-53.423553,1,,,1323619
2,2008,,-22.747543,2,,,1330509
3,1916,46.747425,-6.3711939,1,3,13,3726000
3,1918,48.609619,4.5928836,2,0,1,3695000
3,1924,54.011559,-1.6500294,2,16,1,4102000
3,1928,59.388329,8.163661,1,0,6,4217000
3,1930,41.020775,9.3379946,2,0,1,4250000
3,1934,55.63559,22.012463,1,0,9,4305000
3,1936,46.606186,-7.508719,2,0,1,4355000
3,1940,39.721718,12.810659,1,0,12,4318000
3,1946,51.346008,-19.826927,1,0,5,4494000
3,1948,49.024887,-6.5218925,2,0,3,4674000
3,1952,73.195274,2.9967933,1,3,1,4650000
3,1954,43.457664,-1.516661,2,0,6,4910000
3,1960,38.739037,-12.731796,2,0,9,5149000
3,1964,62.143604,48.84214,1,0,3,5448000
3,1966,34.727562,-21.936161,2,0,1,5535000
3,1970,69.308723,25.153763,1,0,6,5689170
3,1972,55.057812,-28.795755,2,0,4,5760302
3,1976,60.811089,40.301617,1,0,9,5743672
3,1978,55.054295,10.207936,2,2,1,5736469
3,1982,64.973053,22.551838,1,0,12,5771222
3,1984,57.063515,10.124713,2,0,1,5840773
3,1988,58.074856,31.044022,1,0,15,5979982
3,1990,52.206749,14.195374,2,0,4,6018664
3,1994,72.689064,17.064774,1,,,6031352
3,1996,80.028381,7.4928226,2,,,6085393
3,2000,69.302467,58.240257,1,,,6349364
3,2002,65.858765,60.05677,2,,,6417206
3,2008,,34.931324,2,,,6468967
4,1918,40.2435,-7.1211934,2,0,1,440000
4,1920,37.680603,-16.092232,3,0,3,444000
4,1924,41.897251,-19.512999,2,0,4,457000
4,1926,50.345604,-24.638796,3,0,6,463000
4,1930,47.665386,-15.97952,2,0,7,466000
4,1932,45.7659,1.0791302,3,0,1,474000
4,1936,45.394653,-4.1939945,2,0,1,481000
4,1938,49.069138,-8.4681988,3,3,1,485000
4,1942,41.166813,-9.2106934,2,0,4,481000
4,1944,38.028996,-1.8617243,3,3,4,456000
4,1948,39.779781,-16.976374,2,0,7,520000
4,1954,39.654316,-20.440435,2,0,10,554000
4,1956,40.29063,-28.143272,3,4,3,566000
4,1962,40.703999,-19.418739,3,4,6,632000
4,1966,56.880753,8.1319628,2,0,4,681000
4,1972,48.50462,13.763666,2,0,7,781107
4,1978,40.958519,-2.1988094,2,0,1,891520
4,1980,32.371349,-4.2937131,3,0,1,920610
4,1984,31.394941,-17.788744,2,0,4,976864
4,1986,45.32692,-30.589857,3,0,4,1025053
4,1990,46.222095,-33.868736,2,3,1,1111831
4,1992,28.220766,-2.8180063,3,4,1,1112766
4,1996,46.401646,-3.0300884,2,,,1160768
4,1998,33.716896,-39.559181,3,,,1185823
4,2002,51.589626,-4.4172316,2,,,1269089
4,2004,36.81102,-32.461201,3,,,1290121
4,2008,,6.3379169,2,,,1315906
4,2010,,-23.217234,3,,,1316470
5,1916,52.167862,8.8178072,1,1,1,598000
5,1922,49.298695,8.7853756,1,1,4,644000
5,1924,49.168472,-15.835348,2,0,2,669000
5,1928,57.12244,-1.2698561,1,0,1,678000
5,1930,48.611946,-1.1273801,2,0,5,686000
5,1934,55.161678,14.272488,1,1,7,675000
5,1936,57.967918,4.231307,2,0,1,686000
5,1940,55.112457,10.32336,1,1,10,719000
5,1942,59.287369,15.935842,2,0,4,748000
5,1948,59.289581,18.574738,2,0,7,787000
5,1952,64.485847,9.5572023,1,0,3,802000
5,1954,68.896683,18.579161,2,0,10,816000
5,1958,82.730728,28.971695,1,0,6,858000
5,1960,67.659462,37.793358,2,0,1,859000
5,1964,67.542244,65.461456,1,0,9,885000
5,1966,53.682961,35.318924,2,0,4,899000
5,1970,42.031204,36.081493,1,0,12,949723
5,1972,75.112396,7.9703751,2,0,7,974790
5,1976,48.802139,-15.708965,1,0,1,946089
5,1978,72.552574,50.224792,2,0,10,951816
5,1982,45.407425,-2.3957224,1,0,4,954170
5,1984,61.833199,45.105145,2,0,13,961894
5,1988,35.476624,-9.1851559,1,0,7,996408
5,1990,63.482224,23.666397,2,0,16,1004649
5,1996,78.392281,28.430447,2,,,987858
5,2000,53.472424,-15.731323,1,,,1048259
5,2002,73.404488,56.818211,2,,,1065995
5,2006,,7.0330591,1,,,1063096
5,2008,,46.808971,2,,,1055003
6,1914,21.933214,-56.035404,3,0,9,362000
6,1916,32.066189,-50.794697,1,0,6,360000
6,1922,28.445885,-35.867622,1,6,1,354000
6,1926,44.849586,-46.886055,3,5,3,356000
6,1934,33.550587,-2.671185,1,0,3,357000
6,1944,21.989212,-31.60944,3,0,3,314000
6,1946,27.672476,-49.270519,1,0,2,342000
6,1950,33.604439,-55.999149,3,0,6,378000
6,1952,47.842369,-44.644665,1,0,5,375000
6,1956,33.066116,-32.788544,3,0,9,377000
6,1958,46.52084,-4.3104439,1,4,1,380000
6,1962,0,-33.867764,3,0,12,393000
6,1964,40.201035,-6.9498005,1,4,4,399000
6,1968,49.469784,-99.859573,3,0,15,430000
6,1974,49.759048,3.0860395,3,0,1,473002
6,1976,47.225346,-4.6564398,1,6,4,484928
6,1980,63.156635,1.1684269,3,0,4,511456
6,1982,29.764982,-3.0416102,1,6,7,519109
6,1986,54.162014,28.659454,3,0,7,534066
6,1988,40.566536,-38.204834,1,7,1,549763
6,1992,72.215424,10.816863,3,0,10,570115
6,1994,25.425303,-9.7495165,1,,,578900
6,1998,70.627068,49.765457,3,,,590579
6,2004,64.326164,46.084087,3,,,619920
6,2006,,-67.638016,1,,,622892
6,2010,,33.413837,3,,,625741
11,1918,40.628941,-3.3434777,2,1,3,220000
11,1922,39.050053,0.43396354,1,0,2,214000
11,1928,46.155941,-21.8999,1,0,1,233000
11,1930,52.976036,-9.1305103,2,0,3,239000
11,1934,50.633533,-7.1173549,1,0,4,250000
11,1936,44.921928,11.580616,2,0,1,253000
11,1940,44.849487,3.3326178,1,0,1,269000
11,1942,50.853836,-9.2464981,2,0,1,279000
11,1946,45.508335,-10.301021,1,0,1,299000
11,1948,56.943409,2.5763631,2,0,1,312000
11,1952,46.720886,-8.9833345,1,0,4,341000
11,1954,49.286022,13.886822,2,0,4,368000
11,1958,48.255383,-6.5582275,1,0,7,433000
11,1960,40.881657,-1.4279574,2,3,1,446000
11,1966,50.47514,-18.236685,2,3,4,516000
11,1970,43.607327,-18.730911,1,2,2,548104
11,1972,57.955723,1.3758123,2,0,1,572913
11,1976,44.204544,-12.206313,1,2,5,590166
11,1978,60.110519,16.937536,2,0,4,594776
11,1982,37.938667,-10.967743,1,2,8,599148
11,1984,62.679291,20.221039,2,0,7,611565
11,1988,42.483253,-24.122667,1,2,11,647622
11,1990,60.040058,26.846214,2,0,10,669063
11,1994,55.521881,-13.331726,1,,,708416
11,1996,58.21991,21.908188,2,,,727090
11,2000,67.126198,11.826599,1,,,783559
11,2002,64.686516,17.416084,2,,,806169
11,2006,,39.68256,1,,,859268
12,1916,54.871403,-17.089155,1,0,1,2918000
12,1918,33.669895,-7.1086702,2,0,1,3043000
12,1922,41.840485,10.824492,1,0,1,3380000
12,1928,57.902302,-16.02672,1,0,1,3968000
12,1936,45.809372,10.562929,2,0,1,4084000
12,1942,47.297852,-7.2826834,2,0,1,4297000
12,1946,43.618889,-18.384892,1,0,3,4492000
12,1948,48.46825,-2.69033,2,0,1,4774000
12,1952,51.390903,-11.888152,1,0,6,5125000
12,1954,43.21114,-0.19033551,2,5,1,5360000
12,1958,61.910629,4.4938984,1,2,1,5890000
12,1960,36.984344,-12.476641,2,5,4,6067000
12,1964,54.015743,24.588171,1,2,4,6660000
12,1966,34.513077,-23.035845,2,5,7,6851000
12,1970,60.660534,11.859733,1,2,7,7171112
12,1972,55.3232,-27.94796,2,5,10,7335042
12,1976,50.937878,22.610748,1,2,10,7339745
12,1978,64.158638,12.197095,2,0,1,7350804
12,1984,50.442772,29.276825,2,0,4,7515473
12,1988,50.294102,8.3667545,1,4,3,7712333
12,1990,52.67934,3.0403585,2,0,7,7757158
12,1994,50.112946,3.2723427,1,,,7918796
12,1996,53.876305,10.107502,2,,,8009624
12,2002,56.030117,9.9286947,2,,,8552643
12,2006,,9.0249653,1,,,8661679
12,2008,,14.076117,2,,,8711090
13,1914,32.902725,-4.9822421,3,0,1,9585000
13,1916,52.598042,-15.103719,1,5,1,9848000
13,1920,46.48407,-19.460436,3,0,4,282000
13,1922,49.076385,11.587196,1,0,1,589000
13,1926,55.773907,4.0880737,3,0,1,1257000
13,1928,55.340122,1.1834025,1,0,4,1599000
13,1932,54.483898,17.213249,3,0,4,3001000
13,1938,53.05859,9.5659704,3,0,7,3512000
13,1940,47.419064,6.601757,1,10,3,3456000
13,1946,36.126682,-5.1618724,1,0,1,3398000
13,1950,46.71793,5.0677032,3,0,2,14830000
13,1952,48.37487,-19.085226,1,0,4,15192000
13,1956,40.141609,-6.5641403,3,4,1,16112000
13,1958,53.467186,-2.3740144,1,6,1,16601000
13,1962,32.677452,-17.237839,3,4,4,17301000
13,1968,38.224899,-17.003149,3,4,7,18051000
13,1970,54.157066,-2.1644979,1,0,1,18241391
13,1974,43.536133,-7.0959625,3,4,10,18049775
13,1976,65.066017,9.2718925,1,0,1,17940541
13,1980,38.42297,-1.3465047,3,0,1,17558072
13,1982,67.019737,30.908585,1,0,4,17589738
13,1986,47.782677,-14.604274,3,0,4,17833419
13,1988,55.19836,35.968746,1,0,7,17941309
13,1992,54.617245,-1.2509078,3,0,7,18082032
13,1994,55.27137,13.72863,1,,,18156652
13,1998,71.160866,10.535163,3,,,18159175
13,2000,67.00206,12.26548,1,,,18977026
13,2004,66.304443,46.916508,3,,,19171567
13,2010,,34.098904,3,,,19378102
14,1914,27.188438,-22.79015,3,0,10,8276000
14,1922,33.997341,-26.445475,1,0,2,8982000
14,1928,50.777035,-30.380932,1,0,5,9802000
14,1932,44.415611,-6.284791,3,0,3,9764000
14,1934,51.788078,4.3206005,1,0,1,9795000
14,1938,49.98764,-10.287446,3,0,6,9952000
14,1940,39.814377,4.4251947,1,0,4,9896000
14,1944,47.738712,0.63778758,3,3,1,9214000
14,1946,47.979218,-19.442045,1,0,1,9866000
14,1950,50.081764,-3.5597861,3,0,1,10498000
14,1952,48.383148,-3.5950601,1,0,4,10503000
14,1956,51.064121,0.39669573,3,0,1,10972000
14,1958,49.11124,-2.8271704,1,8,1,11058000
14,1962,45.795029,2.3664804,3,0,4,11355000
14,1964,45.379681,-1.470387,1,8,4,11519000
14,1968,45.894402,-6.1004934,3,4,1,11741000
14,1970,46.784245,-6.0459256,1,8,7,11800766
14,1974,48.039177,-7.1078005,3,4,4,11870884
14,1976,39.204292,-5.6070032,1,3,1,11897378
14,1980,42.869217,-2.4448128,3,0,1,11863895
14,1982,32.445488,-20.073011,1,3,4,11845146
14,1986,46.330196,-13.566822,3,0,4,11782752
14,1992,34.787468,-2.7727544,3,0,7,11980819
14,1994,45.509087,-2.4822383,1,,,12042545
14,1998,41.987442,-26.55423,3,,,12002329
14,2000,58.636581,-6.9069891,1,,,12280548
14,2006,,17.353556,1,,,12510809
14,2010,,-2.0169883,3,,,12702379
21,1914,26.819542,-1.6989291,3,0,2,6109000
21,1924,64.020988,-28.168396,2,0,2,7215000
21,1930,56.472076,33.290676,2,1,4,7644000
21,1932,51.329823,6.2106519,3,1,1,7736000
21,1938,52.607624,2.9951334,3,2,1,7866000
21,1942,55.066593,-6.8234262,2,0,3,8057000
21,1944,45.757095,5.5501847,3,2,4,7719000
21,1948,53.572582,10.453799,2,0,1,8552000
21,1950,45.720066,-8.125329,3,8,1,8712000
21,1954,54.631008,7.1452856,2,0,4,9252000
21,1956,47.126053,-8.3817902,3,8,4,9530000
21,1960,43.899246,9.4348431,2,0,7,10081000
21,1962,46.592255,-5.7477088,3,8,7,10280000
21,1966,37.345684,-11.047146,2,0,1,10836000
21,1972,45.472347,-24.868763,2,0,4,11251948
21,1974,56.010605,24.929514,3,0,4,11262145
21,1978,50.073059,-7.8663292,2,0,7,11412561
21,1980,65.125504,13.515326,3,0,1,11426518
21,1984,65.068398,1.8617034,2,5,1,11412132
21,1986,53.268509,31.383471,3,0,4,11387257
21,1990,56.085247,30.136803,2,5,4,11446979
21,1992,47.467419,10.211357,3,0,1,11635197
21,1996,60.334267,15.413943,2,,,11953003
21,1998,69.968727,-2.9044957,3,,,12069774
21,2002,67.84095,22.314199,2,,,12525556
21,2008,,39.310856,2,,,12747038
21,2010,,-1.5986085,3,,,12830632
22,1916,50.86462,-1.6298056,1,0,1,2897000
22,1920,48.956223,-13.417691,3,6,4,2947000
22,1926,55.567814,-1.0800034,3,6,7,3148000
22,1928,51.457672,-11.180962,1,0,3,3212000
22,1932,49.841385,13.30372,3,0,1,3281000
22,1934,49.129696,3.9805741,1,0,1,3319000
22,1940,43.363014,-1.3218045,1,0,1,3433000
22,1944,46.351028,-1.3154387,3,0,1,3440000
22,1946,46.819824,-11.542013,1,0,2,3702000
22,1950,44.388351,-6.4600286,3,0,4,3934000
22,1952,56.455822,-5.6232986,1,0,5,4148000
22,1956,50.303997,-10.818866,3,0,7,4458000
22,1958,54.334385,14.03231,1,0,1,4583000
22,1962,51.651001,0.60798824,3,0,1,4736000
22,1964,50.123238,9.0028582,1,0,4,4856000
22,1968,50.729042,3.5012603,3,0,4,5093000
22,1970,40.462749,0.24647713,1,0,7,5195392
22,1974,46.214207,4.2871027,3,0,7,5361890
22,1976,45.584435,-18.299252,1,0,1,5389088
22,1980,38.50972,-7.5715899,3,2,1,5490224
22,1982,31.857145,-8.2486153,1,0,4,5467922
22,1988,30.500698,-36.285709,1,0,7,5491735
22,1992,63.718571,-16.632887,3,5,3,5648649
22,1994,31.851116,-36.851372,1,,,5745626
22,1998,61.648781,28.925287,3,,,5907617
22,2000,0,-34.713211,1,,,6080827
22,2004,39.999001,24.423647,3,,,6233007
22,2006,,-87.356903,1,,,6332669
22,2010,,-14.579755,3,,,6483802
23,1916,50.591286,-16.48488,1,4,4,3353000
23,1924,20.905853,-49.650913,2,0,3,4214000
23,1928,47.024517,-44.143589,1,0,2,4665000
23,1934,46.978943,-4.2995424,1,0,5,4798000
23,1936,47.194206,11.484509,2,2,2,4889000
23,1940,31.995836,-5.6672277,1,0,8,5315000
23,1942,48.510277,-2.3577957,2,0,1,5549000
23,1948,50.752037,-2.1738589,2,0,4,6213000
23,1952,53.572041,-1.5928358,1,3,2,6650000
23,1954,51.731068,1.824379,2,0,1,7066000
23,1958,64.381897,7.4836998,1,0,1,7667000
23,1964,66.826134,29.037291,1,0,4,8187000
23,1966,46.29285,-12.054205,2,5,2,8512000
23,1970,52.455093,33.945404,1,0,7,8881826
23,1972,52.138596,-5.9844284,2,5,5,9028944
23,1976,57.735477,5.6133718,1,5,1,9129205
23,1978,51.766121,4.2867513,2,0,1,9217761
23,1982,60.378613,16.882053,1,5,4,9115198
23,1984,57.479263,4.607728,2,0,4,9049452
23,1988,42.747139,21.923824,1,5,7,9217998
23,1990,58.357323,16.249132,2,0,7,9310462
23,1994,49.474754,-9.1283207,1,,,9584481
23,1996,60.608501,18.48819,2,,,9739184
23,2000,56.909977,1.6138196,1,,,9938823
23,2002,62.664963,22.723034,2,,,10015710
23,2006,,15.652349,1,,,10036081
23,2008,,28.818836,2,,,9946889
24,1916,47.721317,3.1115651,1,0,4,5366000
24,1920,46.598541,-18.346724,3,2,2,5799000
24,1922,39.074459,-3.1784563,1,5,1,6054000
24,1928,59.948338,-21.659872,1,5,4,6608000
24,1932,46.36134,6.642765,3,2,3,6717000
24,1934,47.627266,20.534061,1,0,1,6751000
24,1938,49.702736,-7.2773218,3,0,1,6837000
24,1944,42.462086,-0.59452951,3,0,4,6918000
24,1946,45.415394,-14.668065,1,0,1,7512000
24,1952,52.460968,-9.1692123,1,0,4,8275000
24,1956,61.560883,5.7773113,3,0,1,9207000
24,1958,50.21965,4.921937,1,4,1,9599000
24,1962,48.466293,23.121761,3,0,4,9929000
24,1964,47.449448,0.43930113,1,4,4,10080000
24,1970,49.510445,-2.2346497,1,3,1,10657423
24,1974,68.800041,33.891251,3,0,1,10765759
24,1976,56.656986,2.9928744,1,0,2,10752662
24,1980,62.450813,40.550488,3,0,4,10797630
24,1982,56.974323,15.520033,1,0,5,10757087
24,1986,50.989635,24.904451,3,0,7,10730268
24,1988,39.227772,13.952109,1,0,8,10798552
24,1992,43.534111,8.6800814,3,0,10,11007609
24,1994,35.85384,-14.208889,1,,,11111451
24,1998,36.144085,-12.925607,3,,,11237752
24,2000,56.164135,-24.061453,1,,,11353336
24,2004,39.403889,-27.706369,3,,,11452251
24,2006,,12.348917,1,,,11481213
24,2010,,-17.442408,3,,,11536504
25,1916,0,-27.399286,1,3,7,2562000
25,1920,12.196736,-32.052475,3,5,3,2679000
25,1926,56.978363,-42.82304,3,0,1,2892000
25,1928,24.236002,-85.566422,1,0,3,2923000
25,1932,24.744028,20.781401,3,0,1,3021000
25,1934,13.204048,-28.687876,1,0,6,3054000
25,1938,42.753513,-22.911285,3,0,1,3098000
25,1940,37.409435,-32.214016,1,0,9,3143000
25,1944,46.192066,-7.7499986,3,0,4,2980000
25,1946,45.565475,-23.867359,1,0,1,3167000
25,1950,41.224762,-7.1450262,3,0,7,3435000
25,1956,52.559818,-17.370251,3,0,10,3742000
25,1958,53.293449,14.400697,1,0,2,3843000
25,1962,61.692856,5.356112,3,0,1,4049000
25,1964,70.834084,6.6853018,1,0,5,4165000
25,1968,61.750984,23.386923,3,0,4,4345000
25,1970,72.188011,42.357128,1,0,8,4417821
25,1974,48.338898,25.958672,3,0,7,4545782
25,1976,63.645508,45.21888,1,0,11,4595904
25,1980,47.395855,-1.8520981,3,2,1,4705767
25,1982,52.053787,29.512077,1,0,14,4728870
25,1986,52.570133,-3.4797013,3,2,4,4755618
25,1988,58.293671,4.52843,1,0,1,4822388
25,1992,50.547523,6.5602779,3,0,1,5004636
25,1994,61.542789,17.607822,1,,,5095504
25,1998,55.350483,2.145967,3,,,5222124
25,2000,67.306557,24.506838,1,,,5363757
25,2004,47.019917,11.238742,3,,,5514026
25,2006,,37.829872,1,,,5577655
25,2010,,-4.8376322,3,,,5686986
31,1914,37.423153,-9.033206,3,0,5,2338000
31,1926,54.855656,-13.202,3,0,4,2432000
31,1930,50.484348,-13.252542,2,6,1,2475000
31,1936,41.705318,3.3609123,2,0,1,2509000
31,1938,48.373344,0.33720434,3,2,3,2494000
31,1942,57.798786,-16.266956,2,0,1,2439000
31,1944,44.700726,-2.9102535,3,0,1,2301000
31,1948,47.525772,16.238108,2,2,6,2543000
31,1950,46.082695,-10.115862,3,0,4,2621000
31,1954,48.087238,-4.6848149,2,8,1,2626000
31,1956,46.611118,-7.8346105,3,0,7,2703000
31,1960,37.797729,-3.8255215,2,0,1,2758000
31,1962,50.248318,-6.7777634,3,0,10,2750000
31,1966,55.066799,-23.116722,2,0,4,2762000
31,1968,52.042187,0.56070685,3,0,1,2803000
31,1972,47.906879,10.978839,2,0,1,2860287
31,1974,45.538723,4.7665091,3,5,1,2867530
31,1978,55.456257,-3.2173486,2,0,1,2918069
31,1980,33.574654,-7.9456806,3,3,1,2913808
31,1984,54.472713,11.797172,2,5,1,2858618
31,1986,27.200205,-32.460903,3,3,4,2791970
31,1990,51.808662,9.0561066,2,5,4,2779769
31,1992,30.493393,-42.414124,3,3,7,2806923
31,1996,54.177647,5.0944624,2,,,2848473
31,1998,27.877041,-37.918381,3,,,2861025
31,2002,62.655785,10.398647,2,,,2934234
31,2004,33.303318,-42.306526,3,,,2953635
31,2008,,25.394535,2,,,3016734
31,2010,,-31.049231,3,,,3046355
32,1914,33.359165,-0.76518655,3,7,5,1662000
32,1918,25.223545,-29.962679,2,0,1,1729000
32,1920,34.739872,-30.655489,3,7,8,1769000
32,1924,38.906906,-44.873138,2,0,4,1807000
32,1930,48.413532,-22.186193,2,0,7,1883000
32,1932,43.77972,3.6344707,3,0,3,1883000
32,1936,40.300266,-2.5858939,2,0,10,1869000
32,1938,40.653465,-12.4273,3,0,1,1842000
32,1942,42.715214,-16.81321,2,0,13,1760000
32,1948,41.836349,-12.204364,2,0,1,1892000
32,1950,40.463722,-10.420701,3,6,2,1905000
32,1954,43.765305,-14.491886,2,0,4,2042000
32,1956,35.939972,-17.434448,3,6,5,2119000
32,1962,38.663223,-26.49655,3,6,8,2231000
32,1966,22.020309,-6.9791226,2,0,4,2200000
32,1968,49.148323,-21.417627,3,4,1,2216000
32,1972,42.412586,-50.654366,2,0,7,2256375
32,1974,36.23925,-1.7033488,3,4,4,2269499
32,1978,21.235863,-11.451324,2,0,1,2335657
32,1980,29.950726,-27.521494,3,4,7,2363679
32,1984,26.395121,-54.752899,2,0,4,2424086
32,1986,31.02898,-40.098549,3,4,10,2432619
32,1990,34.436947,-47.209755,2,0,7,2480683
32,1996,0,-27.586906,2,,,2598266
32,1998,27.487242,-33.678333,3,,,2638667
32,2002,36.458466,-82.522369,2,,,2713535
32,2004,26.378548,-41.675537,3,,,2734373
32,2008,,-23.599932,2,,,2808076
32,2010,,-43.715828,3,,,2853118
33,1916,17.895021,-17.741686,1,0,1,2308000
33,1922,0,-29.203754,1,0,1,2451000
33,1924,36.127022,-40.708351,2,5,1,2521000
33,1928,29.199558,-66.292068,1,0,4,2592000
33,1934,20.55706,-21.780025,1,0,7,2695000
33,1940,39.775543,-32.439758,1,0,10,2790000
33,1942,59.929676,-36.566319,2,0,3,2662000
33,1946,42.525799,-19.147495,1,0,1,2734000
33,1948,56.384552,20.266417,2,0,1,2868000
33,1952,52.902596,-14.100862,1,0,4,3030000
33,1954,57.531593,14.273998,2,0,4,3113000
33,1958,60.337067,6.2750072,1,5,1,3313000
33,1964,57.752472,21.082533,1,5,4,3558000
33,1966,56.670208,8.7281494,2,0,2,3617000
33,1970,67.505035,16.135475,1,0,9,3806103
33,1978,41.281898,-19.221159,2,0,1,4015341
33,1982,40.920872,-6.8640084,1,0,4,4131450
33,1984,50.44117,-16.800495,2,0,4,4157706
33,1988,44.099907,-18.158257,1,0,7,4296166
33,1990,50.318909,0.8823365,2,0,1,4387283
33,1994,48.83419,-4.9518614,1,,,4566028
33,2000,58.056347,5.541554,1,,,4919631
33,2002,42.363312,-2.1933019,2,,,5018935
33,2006,,20.119921,1,,,5163555
33,2008,,0.010898709,2,,,5247018
34,1916,51.361042,3.1214089,1,0,4,3527000
34,1922,47.881271,3.5589159,1,0,7,3437000
34,1928,59.544922,-4.0329695,1,1,1,3601000
34,1932,60.690617,27.324898,3,0,2,3746000
34,1934,51.169151,19.832119,1,0,1,3784000
34,1938,49.89296,21.541695,3,0,5,3781000
34,1944,53.588261,-0.11554658,3,0,1,3560000
34,1946,53.986538,-5.6167989,1,0,1,3746000
34,1950,56.410049,7.2359114,3,3,1,3955000
34,1952,66.450554,8.0484419,1,0,1,3972000
34,1958,66.552856,32.901108,1,0,4,4186000
34,1962,51.019745,9.1305523,3,0,3,4357000
34,1964,51.049526,33.105705,1,0,7,4442000
34,1968,60.069527,2.0394921,3,0,1,4568000
34,1970,42.496109,2.9229403,1,0,10,4677623
34,1974,52.001751,20.790035,3,0,4,4795930
34,1976,49.14925,-14.442503,1,0,1,4839029
34,1980,47.357422,4.3279858,3,0,7,4916686
34,1982,31.750166,-1.7004609,1,0,4,4929451
34,1986,44.925892,-5.2789927,3,0,1,5023068
34,1988,35.698906,-35.950809,1,0,7,5081736
34,1992,43.771122,-6.9613514,3,0,4,5193686
34,1994,50.466591,-24.023893,1,,,5281206
34,1998,42.797081,-8.9048653,3,,,5437562
34,2004,39.156681,-13.295439,3,,,5747741
34,2006,,2.2699058,1,,,5842704
34,2010,,-16.421312,3,,,5988927
35,1916,38.243084,4.0947256,1,3,4,1275000
35,1918,37.583237,-9.0290279,2,5,4,1266000
35,1922,38.720875,-18.593418,1,0,1,1312000
35,1924,39.741535,-24.833525,2,5,7,1333000
35,1930,18.359936,-17.093723,2,5,10,1380000
35,1934,41.491497,12.425452,1,1,1,1382000
35,1936,22.033096,-25.460264,2,5,13,1358000
35,1940,29.180931,-15.51221,1,0,1,1316000
35,1942,43.297768,-26.946964,2,0,1,1239000
35,1946,27.827444,-41.638138,1,0,4,1256000
35,1954,41.069691,-22.141945,2,8,1,1340000
35,1958,38.623466,-11.278716,1,1,4,1383000
35,1960,38.827351,-17.860624,2,8,4,1411000
35,1964,47.428566,-22.748808,1,1,7,1482000
35,1966,46.769497,-22.345301,2,8,7,1456000
35,1970,52.890564,-5.0576744,1,1,10,1485333
35,1972,67.616837,-6.3173146,2,8,10,1519013
35,1976,66.590675,5.8183761,1,0,1,1550911
35,1978,51.935844,35.291527,2,0,1,1563884
35,1984,58.902405,3.9192171,2,0,4,1588639
35,1988,54.781467,15.043124,1,0,1,1571477
35,1990,41.65316,17.979277,2,0,7,1580664
35,1994,51.000225,9.7770214,1,,,1621551
35,1996,14.637134,-14.484426,2,,,1647657
35,2000,63.882793,2.1853299,1,,,1711230
35,2002,40.056984,-68.125031,2,,,1728292
35,2006,,27.765583,1,,,1772693
35,2008,,-17.463228,2,,,1796378
36,1914,0,-21.866909,3,3,4,620000
36,1916,47.716949,-15.606395,1,0,10,652000
36,1922,19.346455,-4.5660973,1,0,1,647000
36,1926,27.447113,-64.071671,3,0,2,651000
36,1928,40.244293,-60.28788,1,0,4,665000
36,1932,7.3127174,-44.87849,3,0,5,676000
36,1934,26.447079,-17.999512,1,0,7,672000
36,1938,45.195847,-42.81192,3,0,8,647000
36,1940,23.199623,-11.662206,1,0,1,640000
36,1946,23.255529,-30.137497,1,0,4,570000
36,1950,36.008617,-35.188198,3,0,4,620000
36,1952,41.484596,-43.093346,1,0,7,608000
36,1956,39.346199,-27.599005,3,0,7,613000
36,1962,33.704372,-21.307608,3,0,10,637000
36,1964,61.267536,15.286255,1,1,4,649000
36,1968,48.345291,-30.925951,3,0,13,621000
36,1970,62.096642,23.46648,1,1,7,617792
36,1974,28.956266,-0.078928471,3,0,16,634559
36,1976,62.817139,25.544226,1,1,10,645797
36,1980,49.803806,-41.32996,3,9,1,652717
36,1982,59.445656,28.79203,1,1,13,668972
36,1992,63.155354,20.12949,3,6,2,635427
36,1994,61.372543,15.965962,1,,,639762
36,1998,68.27993,27.997074,3,,,637808
36,2000,68.826324,22.745089,1,,,642237
36,2004,22.174347,36.559853,3,,,644705
36,2006,,39.297832,1,,,649422
36,2010,,-53.905998,3,,,672591
37,1914,19.99848,3.4552364,3,0,1,581000
37,1918,31.156021,-16.121677,2,0,4,570000
37,1920,33.277615,-30.097897,3,0,1,640000
37,1924,51.632248,-12.971705,2,0,1,673000
37,1926,44.570919,-26.242533,3,0,4,683000
37,1930,48.832241,3.2644987,2,0,1,693000
37,1936,41.258141,2.0870566,2,0,4,666000
37,1938,36.139851,-4.9125166,3,0,1,649000
37,1944,36.080235,-27.720304,3,0,4,565000
37,1948,42.704617,-18.669209,2,5,2,612000
37,1950,49.205154,-27.839529,3,7,1,653000
37,1954,47.557636,-14.590764,2,5,5,655000
37,1960,33.716312,-4.8847227,2,5,8,681000
37,1962,56.789635,0.23474693,3,2,1,705000
37,1966,57.043404,-32.567379,2,5,11,683000
37,1968,53.043198,13.57927,3,2,4,669000
37,1972,33.164059,14.086807,2,1,1,677234
37,1974,39.397453,6.0864,3,2,7,679585
37,1978,25.50956,-33.671883,2,2,1,688580
37,1980,51.602947,-18.803097,3,4,1,690768
37,1984,45.072517,-48.980881,2,2,4,697249
37,1986,64.902321,3.2058954,3,4,1,696034
37,1990,51.321938,-7.3192091,2,2,7,696667
37,1992,62.143135,32.395702,3,4,4,708698
37,1996,49.622826,2.6438684,2,,,730699
37,1998,49.423809,25.734514,3,,,730789
37,2002,62.491692,0.1552552,2,,,760020
37,2004,0,-1.1523843,3,,,770396
37,2008,,24.983383,2,,,799124
37,2010,,-100,3,,,814180
40,1916,71.881699,99.831833,1,7,5,2316000
40,1922,99.774315,45.385773,1,7,8,2412000
40,1924,76.663292,48.94418,2,9,4,2426000
40,1930,91.694481,53.326584,2,9,7,2427000
40,1934,93.323486,55.042488,1,0,2,2485000
40,1936,91.129288,87.017097,2,9,10,2552000
40,1940,64.846817,86.646973,1,0,5,2720000
40,1946,73.351471,34.391041,1,0,8,3212000
40,1948,79.881248,34.752739,2,7,3,3207000
40,1952,69.316711,46.70295,1,0,11,3504000
40,1954,81.270508,59.762489,2,7,6,3555000
40,1958,63.796234,38.633423,1,0,14,3914000
40,1966,46.1203,25.095963,2,0,2,4456000
40,1970,38.267033,-22.349936,1,0,4,4651448
40,1972,49.785889,-5.3266258,2,3,1,4824472
40,1976,48.80109,-23.46594,1,0,7,5121863
40,1978,29.945002,-0.38625002,2,0,1,5270240
40,1982,71.249847,-2.3828416,1,3,1,5492783
40,1984,0,-40.102478,2,0,4,5643870
40,1988,45.608402,42.555721,1,0,1,6036909
40,1990,47.393505,-80.907089,2,0,7,6213526
40,1994,47.680264,2.7297199,1,,,6536771
40,1996,0,-5.0860524,2,,,6665491
40,2000,49.594315,-4.5751719,1,,,7079057
40,2002,65.032547,-82.575256,2,,,7286873
40,2006,,0.39355457,1,,,7673725
40,2008,,31.304005,2,,,7833496
41,1914,67.980888,62.943562,3,10,1,2336000
41,1920,80.872627,36.828224,3,10,4,2359000
41,1924,59.713978,50.359558,2,9,4,2501000
41,1926,86.246712,61.745251,3,0,1,2567000
41,1930,87.027199,19.427956,2,0,1,2647000
41,1936,99.994217,74.789085,2,0,4,2743000
41,1938,81.777931,72.756622,3,8,2,2787000
41,1944,76.539986,64.832153,3,8,5,2802000
41,1948,82.474342,67.999092,2,5,3,2969000
41,1950,100,53.079975,3,8,8,3062000
41,1954,70.241714,64.949005,2,5,6,3014000
41,1956,50.855625,100,3,8,11,3071000
41,1960,60.071415,40.486496,2,5,9,3267000
41,1962,69.987289,1.713264,3,8,14,3323000
41,1966,62.267303,21.071306,2,5,12,3464000
41,1968,95.843796,47.93985,3,0,1,3446000
41,1972,93.994728,29.204481,2,5,15,3539400
41,1974,47.053921,91.687599,3,0,4,3626499
41,1978,62.756245,87.989449,2,0,1,3831836
41,1980,50.281502,-3.0990362,3,0,1,3893888
41,1984,60.567154,26.401546,2,0,4,3951820
41,1986,64.870438,0.56300163,3,4,1,3991569
41,1990,45.4618,21.146959,2,0,7,4048508
41,1996,39.827705,-6.9884958,2,,,4290403
41,1998,32.354359,-26.550467,3,,,4351037
41,2002,36.520447,-18.74935,2,,,4480089
41,2004,34.710155,-35.1908,3,,,4530729
41,2008,,-26.841787,2,,,4718206
41,2010,,-30.465321,3,,,4779736
42,1918,73.535271,100,2,5,4,1749000
42,1920,82.755371,31.87989,3,4,1,1756000
42,1924,100,47.070538,2,5,7,1800000
42,1930,81.835068,100,2,5,10,1859000
42,1932,89.614258,78.969971,3,0,2,1836000
42,1938,85.106613,79.228508,3,0,5,1928000
42,1942,93.307663,100,2,2,1,1977000
42,1944,100,70.213226,3,1,1,1768000
42,1948,100,86.615326,2,2,4,1825000
42,1950,82.983025,100,3,1,4,1910000
42,1954,99.88105,100,2,2,7,1734000
42,1956,68.673935,65.966049,3,1,7,1704000
42,1960,100,99.762108,2,2,10,1786000
42,1962,59.145283,37.347866,3,1,10,1853000
42,1966,60.884983,100,2,2,13,1899000
42,1968,84.896202,18.290564,3,1,13,1902000
42,1974,59.087276,69.792404,3,0,1,2101403
42,1978,57.347744,60.354359,2,4,1,2243127
42,1980,62.27607,18.215481,3,0,4,2286435
42,1984,99.833214,14.69549,2,4,4,2319768
42,1986,60.177197,24.559624,3,0,7,2331984
42,1990,47.29958,99.666428,2,4,7,2354343
42,1992,55.074757,20.354389,3,0,10,2394098
42,1996,53.89653,-5.4008393,2,,,2504858
42,1998,55.897778,12.846464,3,,,2538202
42,2002,79.532967,7.793057,2,,,2705927
42,2004,36.945114,11.828271,3,,,2749686
42,2008,,59.065937,2,,,2874554
42,2010,,-20.957825,3,,,2915918
43,1914,74.26535,99.038086,3,0,4,871000
43,1916,87.982681,70.409683,1,0,1,924000
43,1920,77.864197,53.318329,3,0,7,962000
43,1922,68.529877,75.965355,1,0,4,1044000
43,1926,99.776222,65.082047,3,0,10,1368000
43,1928,100,37.06065,1,0,7,1433000
43,1938,71.279327,64.890945,3,0,3,1771000
43,1944,76.235062,42.558655,3,0,6,2420000
43,1950,100,52.556885,3,2,1,2771000
43,1952,71.229492,99.632576,1,0,5,3157000
43,1956,70.020027,100,3,2,4,4047000
43,1958,63.933945,42.458988,1,0,8,4630000
43,1962,44.099655,40.060604,3,2,7,5458000
43,1964,53.864742,27.902498,1,0,11,5781000
43,1968,43.377625,-11.800692,3,3,1,6433000
43,1970,62.974506,7.7368231,1,0,1,6791418
43,1974,48.338875,2.4635406,3,0,1,8298762
43,1976,61.728943,25.953564,1,0,4,8667379
43,1980,54.738926,-3.3177466,3,0,1,9746324
43,1982,49.568569,23.457886,1,0,7,10471407
43,1986,65.404579,9.4800978,3,0,1,11667505
43,1988,29.47784,-0.84848404,1,3,1,12306395
43,1992,62.469379,30.813595,3,0,4,13504775
43,1994,51.043613,-41.019039,1,,,13961798
43,1998,48.321026,24.938759,3,,,14908230
43,2000,60.300983,4.8514962,1,,,15982571
43,2006,,22.205353,1,,,18166990
43,2010,,-40.825127,3,,,18801310
44,1914,94.898346,36.757706,3,0,3,2776000
44,1918,100,76.720551,2,0,1,2941000
44,1924,99.998199,100,2,0,4,2920000
44,1926,92.818336,100,3,0,4,2869000
44,1932,95.106552,85.636673,3,0,7,2935000
44,1936,96.936623,100,2,0,4,2978000
44,1938,99.998535,90.213104,3,0,10,3091000
44,1942,99.889656,93.873253,2,0,7,3209000
44,1944,99.998848,99.99707,3,0,13,3176000
44,1948,99.994308,99.779305,2,0,10,3259000
44,1950,99.96804,99.997696,3,0,16,3445000
44,1954,99.938423,99.988617,2,0,13,3602000
44,1956,100,99.936081,3,0,1,3701000
44,1960,99.95327,99.876846,2,0,16,3943000
44,1962,77.511497,100,3,0,4,4086000
44,1968,71.736595,55.022991,3,0,7,4482000
44,1972,83.133888,7.9469533,2,0,2,4809490
44,1974,49.128292,43.508987,3,0,10,4999419
44,1978,79.944328,66.267776,2,0,5,5295751
44,1980,50.917019,-1.743415,3,0,1,5463105
44,1984,100,59.88866,2,0,8,5834954
44,1986,49.352585,1.8340349,3,5,1,6084666
44,1990,48.865856,100,2,0,11,6506531
44,1992,45.150749,-1.2948275,3,0,1,6759474
44,1996,45.904491,1.3289481,2,,,7332225
44,2002,42.560417,-6.8618984,2,,,8508256
44,2004,38.998646,-17.898643,3,,,8769252
44,2008,,-14.879168,2,,,9504843
44,2010,,-19.308735,3,,,9687653
45,1920,99.976006,100,3,0,1,1813000
45,1924,99.981621,100,2,7,7,1939000
45,1926,99.998795,99.952019,3,1,4,2005000
45,1932,99.83535,99.997589,3,1,1,2155000
45,1936,100,99.995232,2,0,1,2246000
45,1938,99.990921,99.6707,3,1,4,2285000
45,1942,99.997276,100,2,0,4,2546000
45,1948,100,99.994553,2,0,7,2596000
45,1950,100,75.435791,3,0,3,2684000
45,1954,79.757751,100,2,0,10,2883000
45,1956,75.57122,100,3,0,6,3032000
45,1960,100,59.515499,2,0,13,3257000
45,1962,100,51.142441,3,0,9,3345000
45,1968,100,100,3,0,12,3603000
45,1972,100,29.487955,2,0,1,3761646
45,1974,57.641201,100,3,0,15,3820109
45,1978,85.758965,100,2,0,4,4068579
45,1980,52.820469,16.916027,3,0,17,4205900
45,1984,53.92844,76.910614,2,0,7,4400477
45,1986,73.071648,5.6409359,3,8,1,4406919
45,1990,50.170223,10.422579,2,0,10,4219179
45,1992,64.024391,54.444946,3,8,4,4270849
45,1996,51.700485,0.34044981,2,,,4338763
45,1998,29.336231,32.387264,3,,,4362758
45,2002,52.109646,3.4009666,2,,,4497267
45,2004,37.673855,-21.69112,3,,,4552238
45,2008,,6.3863068,2,,,4435586
45,2010,,-18.880957,3,,,4533372
46,1916,93.210884,100,1,8,4,1823000
46,1918,100,90.077164,2,4,1,1813000
46,1922,100,88.286385,1,5,1,1836000
46,1924,100,100,2,4,4,1886000
46,1928,100,100,1,5,4,1981000
46,1930,100,100,2,4,7,2006000
46,1934,100,100,1,0,1,2050000
46,1940,100,100,1,0,4,2176000
46,1942,100,100,2,0,2,2210000
46,1948,95.566971,100,2,0,5,2076000
46,1952,100,100,1,0,4,2152000
46,1954,91.806435,91.133942,2,0,8,2064000
46,1958,100,100,1,0,7,2086000
46,1960,65.455299,83.612869,2,0,11,2178000
46,1964,88.404915,100,1,0,10,2241000
46,1966,58.088165,38.676842,2,0,14,2245000
46,1970,100,76.809837,1,0,13,2216994
46,1972,31.759304,19.407478,2,0,17,2307117
46,1976,64.198807,100,1,0,16,2429756
46,1978,39.05801,-13.29512,2,3,1,2487816
46,1982,46.0896,28.397617,1,0,19,2556777
46,1984,0,-21.883976,2,3,4,2578051
46,1988,31.204849,-7.8207998,1,8,1,2580352
46,1990,27.387894,-100,2,3,7,2577426
46,1994,31.594013,-37.590302,1,,,2663450
46,1996,0,-43.646706,2,,,2709925
46,2000,34.865391,-34.285881,1,,,2844754
46,2002,38.564953,-84.579422,2,,,2858681
46,2008,,-22.87009,2,,,2947806
47,1914,57.51704,16.39361,3,0,7,2421000
47,1918,61.550903,20.9977,2,1,10,2522000
47,1920,60.508259,15.034077,3,0,10,2588000
47,1924,60.609394,23.101803,2,1,13,2830000
47,1930,70.768593,21.218792,2,0,1,3167000
47,1932,63.828995,36.512959,3,0,2,3227000
47,1936,65.913124,41.537193,2,0,4,3346000
47,1938,70.252419,27.657986,3,0,5,3440000
47,1944,68.664742,40.504837,3,1,1,3560000
47,1956,60.446041,33.115101,3,1,3,4309000
47,1960,55.593372,22.885048,2,0,3,4556000
47,1962,60.556721,20.892084,3,1,6,4707000
47,1966,45.994846,11.190737,2,0,6,4896000
47,1968,62.112457,21.113443,3,1,9,5004000
47,1972,45.488346,-8.0103035,2,0,1,5301150
47,1974,49.378109,25.104401,3,0,1,5470911
47,1978,47.809898,-9.0233088,2,0,4,5759492
47,1984,47.428493,-3.8534164,2,0,7,6164006
47,1986,46.317513,3.5186915,3,0,2,6321578
47,1990,45.91806,-5.1101089,2,0,10,6656987
47,1992,51.151287,-4.0295362,3,0,1,6831850
47,1996,44.955025,-6.7264199,2,,,7307658
47,1998,47.018677,4.1395693,3,,,7545828
47,2002,52.652782,-8.6085587,2,,,8326201
47,2004,43.046616,-4.5771656,3,,,8553152
47,2008,,8.4691849,2,,,9309449
47,2010,,-11.765516,3,,,9535483
48,1914,99.998444,99.521637,3,0,4,1622000
48,1918,100,100,2,0,1,1746000
48,1920,100,99.996887,3,0,7,1685000
48,1924,100,100,2,0,1,1710000
48,1926,98.1437,100,3,0,10,1726000
48,1930,98.557564,100,2,7,1,1745000
48,1932,98.89756,96.287392,3,0,13,1748000
48,1942,96.44838,99.982872,2,0,2,2007000
48,1944,99.926407,89.044197,3,0,1,1943000
48,1950,82.205528,99.852814,3,0,4,2117000
48,1956,57.16095,64.455345,3,0,7,2229000
48,1966,36.688511,-24.376276,2,0,8,2520000
48,1968,69.501968,23.784763,3,0,3,2559000
48,1972,44.420971,-26.596796,2,0,11,2719197
48,1974,70.368065,40.882553,3,0,6,2844749
48,1978,31.807322,-11.158061,2,0,14,3044364
48,1980,63.072075,40.736126,3,0,9,3121820
48,1984,32.517223,-35.003883,2,0,17,3271868
48,1986,50.068707,27.441463,3,0,12,3342758
48,1990,43.995464,-31.69241,2,0,20,3499064
48,1992,52.677685,3.122148,3,0,15,3600576
48,1996,44.186943,-9.3775272,2,,,3738974
48,1998,44.100597,6.9881411,3,,,3839578
48,2002,42.246868,-10.213625,2,,,4107795
48,2004,27.646318,-9.5655527,3,,,4210921
48,2008,,-15.277776,2,,,4528996
48,2010,,-33.831898,3,,,4625364
49,1916,66.632721,68.206436,1,0,10,4444000
49,1918,85.395828,74.260818,2,6,5,4666000
49,1922,81.211708,33.265438,1,0,1,4955000
49,1924,86.908691,70.791664,2,6,8,5210000
49,1928,96.682205,62.53875,1,6,1,5675000
49,1930,92.555359,74.176025,2,6,11,5844000
49,1934,94.266388,93.838921,1,6,4,6053000
49,1940,88.53791,88.571274,1,6,7,6425000
49,1942,66.215332,90.503464,2,0,2,6711000
49,1946,99.968925,77.075813,1,6,10,7197000
49,1948,84.735298,33.270428,2,6,1,7626000
49,1954,57.97422,69.945869,2,6,4,8382000
49,1958,56.222694,50.957912,1,0,2,9252000
49,1964,53.49427,12.658957,1,0,5,10270000
49,1966,44.289043,-13.30356,2,0,4,10492000
49,1970,56.780148,7.0695548,1,4,1,11198655
49,1972,49.259644,-9.1066446,2,0,7,11759148
49,1976,58.594154,14.545968,1,4,4,12904089
49,1978,41.446804,-0.52872598,2,0,10,13500429
49,1982,59.166779,18.093767,1,4,7,15331415
49,1984,37.413063,-17.101252,2,3,1,16007086
49,1990,43.940334,-22.824045,2,3,4,17044714
49,1994,32.347099,-22.537767,1,,,18338319
49,1996,43.326382,-10.835102,2,,,19006240
49,2000,36.044579,-32.689022,1,,,20851028
49,2002,42.837875,-11.973497,2,,,21690325
49,2006,,-25.647125,1,,,23359580
49,2008,,-11.983002,2,,,24309039
51,1914,49.724285,9.195158,3,0,1,2395000
51,1918,48.443752,1.5386224,2,6,1,2425000
51,1920,51.836891,-0.55142939,3,0,1,2421000
51,1926,59.14592,3.6737771,3,7,1,2545000
51,1930,58.799099,4.2679667,2,0,1,2623000
51,1932,62.027615,18.630373,3,7,4,2676000
51,1938,54.812042,24.055233,3,7,7,2800000
51,1950,49.653316,9.0552273,3,2,2,2945000
51,1956,47.24371,-0.69336891,3,3,1,2898000
51,1960,35.482685,-18.357336,2,0,8,3038000
51,1966,50.926857,-29.034626,2,0,11,3147000
51,1968,53.540112,-3.7439079,3,0,2,3195000
51,1972,60.977425,3.2964916,2,0,1,3335728
51,1974,65.124901,9.4402905,3,0,1,3416315
51,1978,49.491383,24.112432,2,0,4,3609976
51,1980,74.382088,30.249798,3,0,4,3660777
51,1984,47.81345,-0.42167604,2,0,1,3695453
51,1986,62.883343,48.790012,3,0,7,3687809
51,1990,42.845623,-4.3730974,2,0,4,3692584
51,1992,49.156986,27.071556,3,0,10,3756358
51,1996,35.319736,-12.607208,2,,,3881051
51,1998,49.343178,-0.59070587,3,,,3934310
51,2002,47.034378,-29.346207,2,,,4089875
51,2004,44.220947,-1.3136476,3,,,4146101
51,2008,,-5.9312372,2,,,4289878
51,2010,,-11.468607,3,,,4339367
52,1914,43.250317,7.0974798,3,1,5,1389000
52,1916,52.611671,-1.7018139,1,0,1,1415000
52,1920,57.632191,-4.038486,3,0,1,1464000
52,1922,45.235588,6.9842935,1,0,1,1509000
52,1926,66.217598,16.343525,3,2,1,1576000
52,1928,56.096851,-8.8124666,1,0,1,1610000
52,1932,68.275818,35.011105,3,2,4,1678000
52,1934,65.909615,14.144409,1,0,1,1710000
52,1938,61.731106,38.986469,3,2,7,1766000
52,1940,50.176228,31.819225,1,0,4,1839000
52,1944,45.999603,23.46221,3,2,10,2118000
52,1946,47.462429,0.35245121,1,0,1,2214000
52,1950,46.97641,-7.0029259,3,0,1,2343000
52,1952,49.015667,-5.0751419,1,5,1,2500000
52,1956,62.032856,-6.0471864,3,0,4,2811000
52,1958,62.776894,-1.968661,1,5,4,2982000
52,1962,39.107033,24.065853,3,2,1,3263000
52,1964,48.142666,25.554436,1,0,1,3492000
52,1968,42.671333,-8.6904526,3,4,1,3815000
52,1970,56.552158,-2.5657415,1,1,1,3923897
52,1974,33.83268,-14.657331,3,4,4,4118815
52,1976,63.457645,17.700413,1,3,1,4150539
52,1980,60.686909,-32.334648,3,4,7,4216975
52,1982,61.788857,26.915287,1,3,4,4282923
52,1986,70.99881,21.373909,3,5,1,4486957
52,1988,59.098869,23.600101,1,3,7,4657904
52,1992,70.503975,42.021351,3,5,4,4902545
52,1994,63.178093,18.202925,1,,,4985411
52,1998,64.768509,41.007946,3,,,5130072
52,2000,54.205597,26.443863,1,,,5296647
52,2004,62.192982,31.062386,3,,,5546935
52,2006,,10.010168,1,,,5627367
52,2010,,26.439613,3,,,5773552
53,1914,44.587803,18.53491,3,0,5,1824000
53,1918,35.410015,14.703136,2,0,7,1969000
53,1920,54.775047,-5.992794,3,1,1,2055000
53,1924,52.290909,-26.160713,2,0,1,2179000
53,1926,65.608528,10.102031,3,2,1,2256000
53,1930,67.969604,4.7518759,2,0,8,2401000
53,1932,65.370033,31.912968,3,2,4,2394000
53,1936,44.75528,36.423012,2,1,1,2365000
53,1938,55.64555,31.460985,3,2,7,2324000
53,1942,62.298592,-10.073447,2,0,1,2215000
53,1944,54.810776,11.621541,3,2,10,2043000
53,1948,55.84333,24.894527,2,0,1,2089000
53,1950,55.345051,9.6215487,3,6,1,2233000
53,1954,54.844387,12.183228,2,0,4,2209000
53,1956,53.239597,10.690108,3,6,4,2273000
53,1962,46.160954,6.908855,3,6,7,2427000
53,1966,47.576279,7.4477673,2,0,3,2454000
53,1968,48.895882,-5.5506468,3,0,1,2503000
53,1972,65.488075,-3.8523674,2,0,1,2658646
53,1974,43.547813,-0.48433244,3,0,4,2734768
53,1978,75.640961,32.6273,2,0,1,2917336
53,1980,44.785191,-9.9216614,3,0,1,3025290
53,1984,83.175316,52.21418,2,0,4,3285533
53,1986,38.190762,-10.429621,3,0,4,3252735
53,1990,40.076237,66.350624,2,0,7,3147105
53,1992,31.277647,-20.358572,3,0,7,3204174
53,1996,36.309925,-16.603809,2,,,3289634
53,1998,41.244888,-35.102879,3,,,3339478
53,2002,39.183884,-20.992241,2,,,3489080
53,2004,26.133188,-11.520439,3,,,3525233
53,2008,,-17.495966,2,,,3668976
53,2010,,-44.503517,3,,,3751351
54,1916,68.032349,9.6730118,1,3,1,2304000
54,1918,57.310287,24.348965,2,0,4,2288000
54,1922,59.323345,36.064693,1,3,4,2424000
54,1928,63.394905,18.646694,1,3,7,2624000
54,1934,70.804092,27.582281,1,3,10,2784000
54,1940,66.596863,41.616337,1,3,13,2935000
54,1942,65.32502,47.364628,2,0,3,2939000
54,1946,74.186333,40.426594,1,3,16,3074000
54,1948,69.959732,31.877958,2,5,1,3216000
54,1952,79.001961,53.311054,1,7,1,3352000
54,1954,71.74971,39.91946,2,5,4,3359000
54,1958,53.62146,59.988396,1,7,4,3471000
54,1964,47.387291,7.2430134,1,7,7,3771000
54,1966,37.84581,-11.444571,2,0,1,3822000
54,1970,52.455021,-3.900218,1,4,1,3926018
54,1972,40.29306,-23.702217,2,0,4,4094611
54,1976,61.924297,5.4431915,1,0,1,4346928
54,1978,60.714085,-15.246373,2,0,7,4486314
54,1982,65.088913,23.850975,1,0,4,4646041
54,1984,67.72332,26.91588,2,4,1,4686737
54,1988,42.094555,30.566221,1,0,7,4822437
54,1994,32.207188,-14.257177,1,,,5163016
54,1996,44.34277,-24.547466,2,,,5313576
54,2000,47.989227,-32.888504,1,,,5689427
54,2002,31.644014,-9.9319849,2,,,5795918
54,2006,,-2.7231872,1,,,6088766
54,2008,,-33.50021,2,,,6247411
56,1916,51.146107,-1.9666016,1,2,1,1414000
56,1918,47.72229,-8.1317158,2,0,2,1438000
56,1922,49.182026,3.5512388,1,4,1,1498000
56,1924,61.908001,-3.1945527,2,0,1,1577000
56,1928,55.136776,-1.4936388,1,0,1,1696000
56,1930,59.084648,24.049736,2,4,4,1733000
56,1934,56.326042,10.735756,1,0,1,1771000
56,1940,50.325554,12.65209,1,0,1,1907000
56,1942,56.991863,-10.729721,2,0,1,1831000
56,1946,53.620064,0.65110922,1,0,4,1826000
56,1948,54.820007,13.983727,2,5,10,1899000
56,1958,67.66835,18.385777,1,3,1,1845000
56,1960,59.510483,10.67498,2,7,3,1860000
56,1964,77.636253,35.336697,1,3,4,1797000
56,1966,66.450226,19.020962,2,7,6,1775000
56,1970,100,55.272507,1,3,7,1744237
56,1972,50.478058,32.900452,2,7,9,1797648
56,1976,68.487602,100,1,3,10,1879503
56,1978,51.817608,0.95611513,2,7,12,1923395
56,1982,64.767937,37.724167,1,3,13,1949604
56,1984,68.323174,4.0920076,2,0,1,1927697
56,1988,69.011673,29.535875,1,3,16,1830215
56,1990,76.647964,36.646343,2,0,4,1792481
56,1994,77.75193,38.023357,1,,,1818490
56,1996,63.111351,53.295921,2,,,1818983
56,2000,64.424072,57.59623,1,,,1808193
56,2002,63.727028,26.22271,2,,,1805414
56,2008,,27.470997,2,,,1840310
61,1914,44.832619,25.419394,3,0,3,253000
61,1916,65.032745,15.97369,1,0,4,282000
61,1920,58.337696,-10.334757,3,0,1,340000
61,1922,54.24744,30.065489,1,0,7,360000
61,1926,66.667862,16.675388,3,8,1,403000
61,1928,72.02726,8.4948778,1,0,10,422000
61,1932,76.521851,34.606098,3,8,4,426000
61,1934,71.611008,46.393742,1,0,13,428000
61,1938,69.367867,53.043701,3,8,7,466000
61,1940,69.18074,43.630539,1,0,1,499000
61,1944,62.804443,38.735737,3,8,10,610000
61,1946,48.693672,39.051437,1,0,4,616000
61,1950,61.386532,25.608885,3,8,13,750000
61,1952,43.944107,-2.6126533,1,0,1,842000
61,1956,54.940498,22.77306,3,8,16,1053000
61,1958,48.572914,-12.111792,1,0,4,1193000
61,1962,42.783653,9.8809986,3,8,19,1471000
61,1964,44.020046,-2.8541684,1,0,1,1556000
61,1968,41.737602,-14.432693,3,0,7,1682000
61,1970,54.010876,-11.959902,1,0,4,1775399
61,1974,48.38179,-16.524796,3,0,10,2223196
61,1976,56.910973,10.67147,1,0,1,2346157
61,1980,39.512886,-1.0751069,3,0,13,2718215
61,1982,56.709393,16.60775,1,0,4,2889861
61,1986,31.570541,-20.961943,3,2,1,3308262
61,1988,39.543007,15.657952,1,0,7,3535183
61,1992,27.161694,-24.24469,3,2,4,3867333
61,1994,0,-14.162689,1,,,4147561
61,1998,20.62047,-41.583073,3,,,4667277
61,2000,43.499397,-79.322525,1,,,5130247
61,2004,34.651245,-56.118565,3,,,5652404
61,2006,,-9.8414183,1,,,6029141
61,2010,,-24.208828,3,,,6392017
62,1914,39.307102,1.306805,3,0,3,846000
62,1918,43.894913,-1.5522867,2,0,1,906000
62,1924,55.848957,-6.2979102,2,0,4,1014000
62,1930,63.450371,13.197226,2,0,1,1040000
62,1932,58.242268,6.4163446,3,0,2,1066000
62,1936,50.23418,28.202707,2,0,1,1090000
62,1942,66.791801,1.0477692,2,0,4,1113000
62,1944,46.746605,-12.826768,3,0,3,1137000
62,1948,48.676548,34.43301,2,0,7,1263000
62,1950,50.21743,-6.5067887,3,0,6,1325000
62,1954,46.01963,-2.6469083,2,0,1,1493000
62,1956,45.57645,0.43486655,3,2,1,1625000
62,1960,41.931709,-7.5002103,2,0,4,1754000
62,1962,41.447369,-7.9989343,3,1,1,1899000
62,1966,49.405945,-16.084286,2,0,7,2007000
62,1968,57.232521,-17.105261,3,1,4,2120000
62,1972,40.315815,1.0353178,2,0,1,2404619
62,1974,50.334995,17.737082,3,0,1,2541406
62,1978,34.621967,-18.354269,2,3,1,2766748
62,1980,49.915855,1.6371399,3,0,4,2889964
62,1984,41.655716,-29.626392,2,3,4,3169992
62,1986,51.77676,1.5515447,3,6,1,3237450
62,1990,46.107437,-14.020911,2,5,1,3303862
62,1996,45.769241,-4.9485893,2,,,3812716
62,1998,51.30061,-27.471849,3,,,3968967
62,2002,52.795929,-4.438868,2,,,4490406
62,2008,,10.304231,2,,,4889730
62,2010,,1.6283482,3,,,5029196
63,1918,20.063057,-34.4263,2,0,7,405000
63,1920,24.99221,-8.1652403,3,0,2,433000
63,1924,27.583525,-59.432793,2,0,10,434000
63,1930,36.641777,-44.832954,2,0,13,447000
63,1932,54.660023,13.399371,3,0,1,459000
63,1938,51.127373,9.7828417,3,2,1,513000
63,1944,38.318512,2.2547483,3,0,1,529000
63,1950,56.200714,-23.362974,3,0,1,589000
63,1954,47.740467,-25.674889,2,4,6,600000
63,1956,54.739052,17.45812,3,0,1,628000
63,1962,60.262753,9.4781036,3,0,4,692000
63,1966,45.51424,-10.767022,2,0,4,689000
63,1968,56.071735,20.525503,3,0,7,695000
63,1972,31.612045,-6.7476959,2,3,1,763237
63,1974,48.775269,13.934099,3,0,10,807990
63,1978,25.99688,-36.775909,2,3,4,910690
63,1980,48.443554,-0.96941292,3,4,1,943935
63,1984,38.70879,-46.188274,2,3,7,990839
63,1986,43.476334,-3.1128912,3,4,4,990224
63,1990,39.905235,-22.582424,2,5,1,1011882
63,1992,28.393015,-13.047329,3,0,1,1066490
63,1996,32.548515,-17.116722,2,,,1187706
63,1998,0,-41.1427,3,,,1230923
63,2002,34.105122,-32.613377,2,,,1340372
63,2004,24.927591,-99.179253,3,,,1391802
63,2008,,-23.549271,2,,,1534320
63,2010,,-46.24741,3,,,1567582
64,1916,55.400276,7.654953,1,0,4,487000
64,1918,52.795143,5.2765965,2,0,4,501000
64,1922,53.200062,11.770946,1,0,1,543000
64,1924,60.327766,10.405848,2,0,7,538000
64,1928,70.13987,6.4001203,1,0,4,541000
64,1934,73.434738,41.401394,1,0,7,545000
64,1936,49.071045,27.87431,2,0,3,554000
64,1940,45.378502,46.869469,1,0,10,558000
64,1942,56.647648,0.71079135,2,0,6,518000
64,1946,50.747437,-8.0943079,1,0,1,514000
64,1948,50.379856,13.907051,2,0,9,542000
64,1952,76.219154,2.1917911,1,5,1,602000
64,1954,50.732071,0.75971186,2,0,12,624000
64,1958,64.513054,52.438309,1,5,4,666000
64,1960,53.168785,1.4641434,2,4,1,675000
64,1964,60.540043,29.026106,1,5,7,706000
64,1966,51.951736,6.3375711,2,4,4,707000
64,1970,64.157791,21.08009,1,5,10,694409
64,1976,54.463314,28.315577,1,4,1,757317
64,1978,56.89072,11.378681,2,2,1,782317
64,1982,48.133354,12.792548,1,4,4,803986
64,1984,68.129807,16.192854,2,2,4,820905
64,1988,37.62603,-3.7332921,1,0,1,800202
64,1990,49.555817,38.745083,2,2,7,799824
64,1994,47.237495,-24.741659,1,,,854923
64,1996,62.735004,4.8649044,2,,,876656
64,2000,49.161755,-3.3168049,1,,,902200
64,2002,72.915977,31.004757,2,,,911667
64,2006,,0.87624788,1,,,952692
64,2008,,45.831955,2,,,976415
65,1916,62.824894,6.5278201,1,0,4,82000
65,1920,42.479038,-4.1856556,3,0,1,78000
65,1922,59.263874,25.649786,1,0,7,81000
65,1926,52.058197,-13.304102,3,0,4,87000
65,1928,64.509415,18.527742,1,0,10,89000
65,1932,58.957924,4.1163893,3,0,1,96000
65,1938,58.375149,17.915844,3,0,4,105000
65,1944,58.011402,16.750299,3,0,7,153000
65,1946,48.321617,-10.422209,1,0,1,143000
65,1952,57.676464,-3.3567667,1,0,4,181000
65,1956,65.275948,5.1510005,3,0,3,250000
65,1958,50.017826,15.352932,1,0,1,269000
65,1962,54.765869,30.551899,3,0,6,352000
65,1964,57.649155,0.035655499,1,0,4,426000
65,1970,63.023567,16.477859,1,0,7,488738
65,1974,37.298737,-0.36819875,3,0,2,596822
65,1976,47.721657,31.599171,1,0,10,646975
65,1980,49.9958,-21.320387,3,0,5,800493
65,1982,50.206924,-2.3532181,1,0,1,881537
65,1986,51.049934,5.4781408,3,2,1,980613
65,1988,50.930016,4.0646496,1,0,1,1075022
65,1992,47.878567,10.836542,3,2,4,1330694
65,1994,39.693459,9.9293079,1,,,1456388
65,1998,61.081909,0.098213553,3,,,1743772
65,2000,40.989956,-15.398088,1,,,1998250
65,2004,50.288742,25.94412,3,,,2346222
65,2010,,5.7421355,3,,,2700551
66,1916,55.171574,5.2697001,1,0,1,354000
66,1924,58.622761,2.4313064,2,0,1,390000
66,1928,49.350067,-15.388984,1,0,2,416000
66,1936,59.157051,23.449186,2,0,3,489000
66,1940,51.507332,11.893129,1,2,4,531000
66,1942,57.224632,18.314098,2,0,6,502000
66,1946,51.12114,3.0146599,1,2,7,561000
66,1948,57.272839,14.821884,2,3,1,604000
66,1952,62.706139,2.2422819,1,2,10,735000
66,1954,63.434826,14.545679,2,3,4,763000
66,1960,53.14048,26.869652,2,3,7,951000
66,1964,52.259617,9.4075289,1,4,2,1006000
66,1966,45.974533,6.2809587,2,3,10,1007000
66,1970,42.701714,4.5192361,1,4,5,1017055
66,1972,46.595551,-8.05093,2,0,1,1078697
66,1976,53.773869,-14.11407,1,0,1,1189295
66,1978,43.875019,-6.8089008,2,0,4,1238034
66,1982,63.307961,7.5477362,1,0,1,1363823
66,1984,27.039253,-12.248248,2,0,7,1416717
66,1988,53.970455,26.622993,1,0,4,1490337
66,1990,29.784294,-45.874065,2,0,10,1519933
66,1994,61.701096,7.9802065,1,,,1653329
66,1996,34.973103,-34.941586,2,,,1706151
66,2000,70.605141,23.447142,1,,,1819017
66,2002,61.327995,-30.053795,2,,,1855309
66,2006,,41.274555,1,,,1962137
66,2008,,22.655985,2,,,2010662
67,1914,38.585472,-2.7514696,3,0,7,422000
67,1916,48.62402,16.98896,1,2,1,436000
67,1920,37.569557,-18.021637,3,0,10,453000
67,1922,55.516876,0.4643172,1,2,4,467000
67,1926,56.663368,-23.942745,3,0,13,494000
67,1928,53.061527,11.602386,1,2,7,504000
67,1932,55.801315,14.948961,3,0,1,517000
67,1934,62.845654,7.6203585,1,2,10,522000
67,1938,59.911388,11.602629,3,0,4,535000
67,1940,48.762657,25.691307,1,4,1,552000
67,1944,45.831947,19.822779,3,0,7,605000
67,1946,45.744007,-2.4746804,1,0,1,638000
67,1950,46.043812,-8.0279083,3,0,1,689000
67,1952,38.730774,-8.5119839,1,0,4,724000
67,1956,47.629009,-7.9123826,3,0,4,809000
67,1958,57.330441,3.8982391,1,0,1,845000
67,1962,45.834824,-4.7419815,3,0,7,958000
67,1964,56.15958,14.660883,1,0,4,978000
67,1968,44.070019,-7.8487902,3,0,10,1029000
67,1970,42.89304,13.679558,1,0,7,1059273
67,1974,25.48452,-5.9247522,3,0,1,1200471
67,1976,41.349129,-12.693352,1,0,1,1274928
67,1980,26.550236,-48.16119,3,0,4,1461037
67,1982,31.740808,-16.927216,1,0,4,1558314
67,1986,39.714745,-45.75499,3,0,7,1662834
67,1988,29.140776,-35.386967,1,0,7,1689372
67,1992,32.9701,-15.668329,3,0,1,1821498
67,1994,31.514582,-41.718449,1,,,1930436
67,1998,28.402721,-31.011761,3,,,2100562
67,2000,31.064924,-34.069462,1,,,2233183
67,2004,32.766724,-40.328453,3,,,2401580
67,2006,,-31.295994,1,,,2525507
67,2010,,-28.792309,3,,,2763885
68,1916,57.301838,5.9944897,1,0,1,174000
68,1918,44.816849,-15.533817,2,0,15,181000
68,1922,53.49511,14.603678,1,0,4,208000
68,1930,53.82642,-18.091631,2,0,2,226000
68,1934,58.735008,13.666784,1,0,2,233000
68,1936,45.405258,8.4215193,2,0,1,240000
68,1940,56.209766,17.470011,1,0,5,250000
68,1942,57.107807,-9.1894865,2,0,1,251000
68,1946,48.364681,12.419534,1,0,8,254000
68,1952,50.837879,-3.270638,1,4,1,293000
68,1954,43.628292,3.0627489,2,0,12,293000
68,1958,53.98814,1.6757607,1,0,1,315000
68,1964,55.779922,7.9762816,1,0,4,339000
68,1966,28.68576,-3.5920115,2,0,1,323000
68,1970,45.413471,11.559847,1,0,7,332416
68,1972,37.833298,-42.628479,2,0,4,347345
68,1976,43.343243,-9.1730595,1,0,1,396952
68,1978,21.682949,-24.333405,2,0,1,432880
68,1982,49.634735,-13.313517,1,0,4,506400
68,1984,36.063744,-56.634106,2,0,4,504896
68,1988,39.307423,-0.73052943,1,0,7,465101
68,1990,42.213505,-27.872515,2,0,7,453401
68,1994,22.038387,-19.566208,1,,,474982
68,1996,27.046049,-11.850178,2,,,480085
68,2000,29.860306,-51.734306,1,,,493786
68,2002,24.257639,-45.907902,2,,,500017
68,2008,,-51.377094,2,,,546043
71,1914,40.664543,-8.1377478,3,0,1,2934000
71,1916,23.758307,-31.543985,1,0,1,3071000
71,1920,36.878796,-8.3451061,3,0,1,3554000
71,1922,18.222464,-38.396202,1,0,4,3991000
71,1926,43.387119,-26.230446,3,0,4,4929000
71,1928,0,-55.877419,1,0,7,5344000
71,1934,0,-94.542435,1,0,10,6060000
71,1938,52.285404,-55.345894,3,0,1,6656000
71,1946,0,-9.8848076,1,0,2,9559000
71,1952,57.012016,-87.669914,1,0,5,11635000
71,1956,43.428822,-8.3391724,3,0,4,13713000
71,1962,51.817955,-12.883324,3,0,7,17072000
71,1968,60.5336,4.9448195,3,0,1,19394000
71,1970,46.878162,9.5336704,1,3,2,19971069
71,1974,56.505646,24.305702,3,0,4,21173865
71,1976,44.775997,-3.2936602,1,0,1,21935909
71,1980,49.289597,19.357672,3,0,7,23667902
71,1982,44.000717,-6.7593427,1,0,1,24820009
71,1986,47.90379,1.4174312,3,0,10,27102237
71,1992,53.057487,4.9009204,3,5,1,30875920
71,1994,55.842789,1.9042194,1,,,31317179
71,1998,55.226368,10.046408,3,,,32682794
71,2000,59.431053,19.255867,1,,,33871653
71,2004,52.182102,19.05373,3,,,35574576
71,2006,,24.41577,1,,,36021202
71,2010,,10.007652,3,,,37253956
72,1914,43.530849,9.5492306,3,0,4,736000
72,1918,24.674948,-11.876795,2,0,2,763000
72,1920,36.343925,-7.2050004,3,0,1,788000
72,1924,27.93346,-41.288055,2,0,5,856000
72,1926,38.862034,-3.4448087,3,0,1,905000
72,1930,48.318878,-30.122774,2,0,8,956000
72,1936,22.944056,-1.3736159,2,0,11,1025000
72,1938,39.288414,-9.7188206,3,0,1,1067000
72,1944,23.195719,-21.423172,3,0,1,1233000
72,1948,50.216312,-20.061375,2,0,4,1405000
72,1956,54.153545,8.3910789,3,0,7,1698000
72,1960,48.225063,9.2274513,2,0,2,1769000
72,1962,49.777622,8.3463612,3,0,10,1818000
72,1966,46.157772,-3.5057902,2,0,1,1969000
72,1968,44.840385,-0.42301714,3,0,1,2004000
72,1972,38.275532,-7.5621786,2,0,4,2197297
72,1974,44.012772,-10.088674,3,0,4,2285013
72,1978,33.432972,-23.366365,2,0,7,2518298
72,1980,36.039825,-8.0953512,3,0,7,2633105
72,1984,46.189735,-33.096104,2,0,10,2666588
72,1986,46.499683,-26.912918,3,0,10,2683528
72,1990,45.901794,-7.4916182,2,0,13,2858547
72,1996,39.606194,-3.8938999,2,,,3195087
72,1998,63.392097,27.258945,3,,,3282055
72,2002,48.904671,-16.602394,2,,,3513424
72,2004,57.22403,31.646065,3,,,3569463
72,2008,,3.3512235,2,,,3768748
72,2010,,17.975193,3,,,3831074
73,1914,17.795284,-11.22165,3,5,4,1231000
73,1916,44.243355,-18.332424,1,1,4,1255000
73,1920,46.516106,-38.605904,3,5,7,1373000
73,1922,53.415306,1.2959927,1,2,1,1415000
73,1928,60.924767,6.9666357,1,2,4,1551000
73,1932,62.62262,27.906191,3,0,1,1584000
73,1944,53.400654,10.691458,3,4,2,2092000
73,1946,56.226341,-9.1110344,1,0,2,2288000
73,1950,61.090237,7.4189396,3,4,5,2379000
73,1952,67.32354,12.69477,1,6,1,2448000
73,1956,52.093922,22.180471,3,4,8,2668000
73,1958,72.208282,35.945091,1,6,4,2773000
73,1962,64.412811,4.7879128,3,4,11,2942000
73,1964,82.431503,44.416561,1,6,7,2961000
73,1968,60.70475,29.148108,3,4,14,3270000
73,1970,71.840324,66.422043,1,6,10,3413244
73,1974,45.826557,24.625265,3,4,17,3549946
73,1976,68.956635,47.593575,1,6,13,3693610
73,1980,50.657074,-8.3468885,3,0,1,4132156
73,1986,53.991882,1.9844979,3,7,1,4452720
73,1988,44.251495,-2.173388,1,0,4,4639893
73,1992,58.414001,7.983768,3,0,1,5139011
73,1994,48.730286,-11.497009,1,,,5334896
73,1998,54.980488,16.828001,3,,,5687832
73,2000,56.852699,0.090557337,1,,,5894281
73,2004,52.364826,12.244299,3,,,6178645
73,2006,,16.919291,1,,,6370753
73,2010,,4.7296524,3,,,6724540
81,1960,75.538696,26.849842,2,0,2,226000
81,1962,45.133511,16.28195,3,0,3,246000
81,1968,58.280354,7.7115088,3,0,1,285000
81,1972,24.094639,-54.605389,2,0,4,324464
81,1974,45.933964,16.560709,3,0,4,341063
81,1978,28.485065,-51.497864,2,0,7,404766
81,1980,44.096546,-7.7518792,3,0,1,401851
81,1984,32.192551,-42.683517,2,0,10,513702
81,1986,38.406185,-9.9263849,3,0,4,544268
81,1990,10.338657,-34.036121,2,0,13,553120
81,1992,19.721199,-14.641616,3,0,7,587073
81,1996,10.513269,-66.367134,2,,,604918
81,2002,47.767078,-67.656876,2,,,642337
81,2004,23.829744,-1.2910962,3,,,659286
81,2008,,1.2441635,2,,,687455
81,2010,,-52.340508,3,,,710231
82,1962,83.395981,38.819824,3,2,1,684000
82,1964,48.428726,-6.6844168,1,0,4,700000
82,1968,82.90831,68.40966,3,2,4,734000
82,1970,53.727013,-3.1425476,1,0,7,769913
82,1974,77.944557,65.81662,3,2,7,867978
82,1976,80.084198,13.102302,1,7,1,904191
82,1980,73.569183,59.518551,3,2,10,964691
82,1982,76.554298,63.090302,1,7,4,993780
82,1986,57.269115,47.138371,3,2,13,1051762
82,1992,79.18438,30.340811,3,2,16,1149926
82,1994,72.684685,47.595421,1,,,1173903
82,1998,75.510117,61.359779,3,,,1190472
82,2000,61.348957,48.177929,1,,,1211497
82,2004,74.807701,54.522358,3,,,1273569
82,2006,,24.56904,1,,,1309731
82,2010,,53.236115,3,,,1360301
